Name,Price
Stripe Polo T-shirt for Men – A5,490
Stripe Polo T-shirt for Men – A4,490
Stripe Polo T-shirt for Men – A3,490
Stripe Polo T-shirt for Men – A2,490
Stripe Polo T-shirt for Men – A1,490
Half Sleeve Stripe Polo T-shirt for Men – FS50,248
Gentle Class Stripe Polo T-Shirt for Men – SAJ116P,399
Gentle Class Stripe Polo T-Shirt for Men – SAJ114P,399
Gentle Class Stripe Polo T-Shirt for Men – SAJ112P,399
Gentle Class Stripe Polo T-Shirt for Men – SAJ111P,349
Half Sleeve Polo T-shirt for Men - MIB 864,699
Half Sleeve Polo T-shirt for Men - MIB 863,699
Half Sleeve Polo T-shirt for Men - MIB 862,699
Half Sleeve Polo T-shirt for Men - MIB 861,699
Half Sleeve Polo T-shirt for Men - MIB 860,699
Half Sleeve Polo T-shirt for Men - MIB 859,699
Half Sleeve Polo T-shirt for Men - MIB 858,699
Half Sleeve Polo T-shirt for Men - MIB 857,699
Exclusive Polo T-shirt for Men RF-12,"1,050"
Exclusive Polo T-shirt for Men RF-07 (1 Pc),"1,250"
Exclusive Polo T-shirt for Men RF-06 (1 Pc),"1,050"
Exclusive Polo T-shirt for Men RF-05,"1,050"
Exclusive Polo T-shirt for Men RF-02,"1,150"
Exclusive Polo T-shirt for Men RF-01 (1 Pc),"1,050"
Exclusive Polo T-shirt for Men – AF0183,600
Exclusive Polo T-shirt for Men – AF0181,450
Exclusive Polo T-shirt for Men – AF0167,500
Polo T-shirt for Men - AF-0146,412
Polo T-shirt for Men - AF-0145,412
Polo T-shirt for Men - AF-0139,455
